uav,step,service_0,service_1,service_2,service_3,cpu_utilization,uplink_data_rate,downlink_data_rate,battery,step_consumption,ram_usage
uav_0,0,0,0,0,0,0.0,13.55,13.55,46.109127948978255,0.510872051021744,0.0
uav_0,1,1,0,0,0,63.6,18.299999999999997,23.7,45.5671176145609,0.5420103344173539,1.0
uav_0,2,1,0,1,0,93.53333333333333,20.999999999999996,37.099999999999994,45.003162507877434,0.5639551066834657,2.0
uav_0,3,0,0,0,0,0.0,49.3,49.3,44.434935540074314,0.5682269678031205,0.0
uav_0,4,0,0,0,0,0.0,62.25,62.25,43.84593245556297,0.5890030845113395,0.0
uav_0,5,1,0,0,0,68.53333333333333,62.7,75.5,43.22526546543275,0.6206669901302229,1.0
uav_0,6,1,0,0,0,69.73333333333333,73.25,87.85,42.58586685859839,0.6393986068343527,1.0
uav_0,7,0,1,0,0,52.0,78.8,101.3,41.93657664063315,0.649290217965247,2.0
uav_0,8,0,1,0,0,53.333333333333336,90.5,115.5,41.266108083736654,0.6704685568964927,2.0
uav_0,9,0,1,0,0,54.93333333333332,98.0,126.0,40.58071786014365,0.6853902235930026,2.0
uav_0,10,0,1,0,0,55.73333333333332,108.9,138.4,39.87639581984612,0.704322040297533,2.0
uav_0,11,0,1,0,0,57.33333333333333,117.1,149.6,39.15602907951649,0.7203667403296223,2.0
uav_0,12,0,1,0,0,59.466666666666654,124.80000000000001,161.3,38.41945675026557,0.7365723292509224,2.0
uav_0,13,0,1,0,0,60.79999999999999,137.6,176.6,37.65994131541321,0.7595154348523642,2.0
uav_0,14,1,0,0,0,80.8,156.25,187.45,36.870728630501446,0.7892126849117586,1.0
uav_0,15,0,0,0,1,99.16666666666667,122.45000000000002,199.95000000000002,36.09306148450167,0.7776671459997786,1.0
uav_0,16,0,0,0,0,0.0,215.4,215.4,35.25835474949892,0.8347067350027467,0.0
uav_1,0,0,1,0,0,41.6,11.2,14.2,46.097942298955886,0.5220577010441154,2.0
uav_1,1,0,0,1,0,27.800000000000004,21.1,26.200000000000003,45.56248014788496,0.5354621510709242,1.0
uav_1,2,0,0,0,1,78.83333333333333,22.85,39.35,44.99967065787045,0.5628094900145078,1.0
uav_1,3,0,0,0,0,0.0,54.85,54.85,44.42253964004952,0.5771310178209286,0.0
uav_1,4,0,0,0,0,0.0,69.1,69.1,43.82254687218287,0.5999927678666521,0.0
uav_1,5,0,0,1,0,30.733333333333334,62.85000000000001,81.15,43.20863031539948,0.6139165567833886,1.0
uav_1,6,0,0,1,0,31.466666666666665,71.9,93.5,42.57732616969243,0.6313041457070527,1.0
uav_1,7,0,0,1,0,64.4,59.1,108.9,41.93400150173911,0.643324667953316,2.0
uav_1,8,0,0,0,1,89.33333333333333,72.0,120.0,41.26390327817669,0.6700982235624187,1.0
uav_1,9,0,0,1,0,33.86666666666667,97.94999999999999,130.35,40.581418849033945,0.6824844291427465,1.0
uav_1,10,0,1,0,0,54.79999999999999,113.80000000000001,141.55,39.870920922612946,0.7104979264209959,2.0
uav_1,11,0,0,1,0,35.66666666666667,115.5,156.0,39.15323989339981,0.7176810292131397,1.0
uav_1,12,0,0,1,0,37.0,123.4,169.9,38.41766940859533,0.7355704848044742,1.0
uav_1,13,0,0,1,0,38.13333333333333,135.6,187.2,37.65809311818729,0.7595762904080414,1.0
uav_1,14,0,0,0,1,98.66666666666666,124.65,200.65,36.87825052218316,0.7798425960041295,1.0
uav_1,15,0,0,1,0,39.06666666666667,156.75,212.55,36.081091926144396,0.7971585960387616,1.0
uav_1,16,0,0,1,0,39.666666666666664,165.55,224.05,35.26746834673937,0.8136235794050249,1.0
uav_2,0,0,0,1,0,27.666666666666668,9.85,14.35,46.103108121188434,0.5168918788115615,1.0
uav_2,1,0,0,0,0,0.0,26.5,26.5,45.57145995345847,0.5316481677299629,0.0
uav_2,2,0,0,0,1,78.0,27.049999999999997,41.05,45.00416906899056,0.567290884467915,1.0
uav_2,3,0,0,0,0,0.0,55.650000000000006,55.650000000000006,44.425754584500396,0.5784144844901623,0.0
uav_2,4,0,1,0,0,45.73333333333333,56.2,66.95,43.824038202741406,0.6017163817589882,2.0
uav_2,5,0,0,1,0,32.0,54.95,78.95,43.217841418195675,0.6061967845457268,1.0
uav_2,6,1,0,0,0,69.6,74.44999999999999,88.85,42.57671826691343,0.6411231512822463,1.0
uav_2,7,0,1,0,0,50.4,78.3,97.8,41.9311193822889,0.6455988846245311,2.0
uav_2,8,0,1,0,0,51.86666666666666,88.2,110.45,41.26698919484953,0.6641301874393715,2.0
uav_2,9,0,1,0,0,52.53333333333333,97.2,120.7,40.58721618793443,0.6797730069151017,2.0
uav_2,10,0,0,0,0,0.0,131.95,131.95,39.886391069866114,0.7008251180683169,0.0
uav_2,11,0,0,0,0,0.0,142.2,142.2,39.16912153509824,0.7172695347678724,0.0
uav_2,12,0,1,0,0,56.266666666666666,121.69999999999999,152.2,38.44330097253549,0.7258205625627522,2.0
uav_2,13,0,0,0,0,0.0,164.9,164.9,37.68961307102811,0.7536879015073759,0.0
uav_2,14,1,0,0,0,80.53333333333332,147.75,178.55,36.914438530588875,0.7751745404392381,1.0
uav_2,15,1,0,0,0,82.13333333333333,161.39999999999998,194.6,36.11495697343435,0.7994815571545185,1.0
uav_2,16,1,0,0,0,83.33333333333333,174.3,209.3,35.29297361623483,0.8219833571995223,1.0
uav_3,0,1,0,0,0,61.06666666666667,9.5,11.1,46.09592025450739,0.5240797454926038,1.0
uav_3,1,0,1,0,0,42.666666666666664,18.6,23.6,45.5600643756579,0.5358558788494895,2.0
uav_3,2,0,0,0,0,0.0,39.95,39.95,45.00683792455145,0.553226451106453,0.0
uav_3,3,0,0,0,1,79.83333333333333,35.1,54.6,44.421667184492215,0.5851707400592304,1.0
uav_3,4,0,0,0,0,0.0,65.45,65.45,43.82753023330394,0.5941369511882739,0.0
uav_3,5,0,0,0,1,84.0,47.55,79.55,43.211101515404415,0.6164287178995241,1.0
uav_3,6,0,0,0,1,85.66666666666667,54.849999999999994,91.85,42.578447553028,0.632653962376419,1.0
uav_3,7,0,0,0,1,87.00000000000001,63.0,104.0,41.92910738506265,0.649340167965347,1.0
uav_3,8,0,0,1,0,34.13333333333333,83.0,116.6,41.26956469485468,0.6595426902079743,1.0
uav_3,9,0,0,1,0,35.266666666666666,93.9,132.6,40.588101832380644,0.6814628624740368,1.0
uav_3,10,0,1,0,0,55.33333333333332,117.4,146.15,39.870865250390615,0.7172365819900287,2.0
uav_3,11,0,0,1,0,73.2,71.30000000000001,160.7,39.17354724899598,0.697318001394636,2.0
uav_3,12,0,0,0,0,0.0,169.7,169.7,38.412158547473204,0.7613887015227773,0.0
uav_3,13,0,0,1,0,38.2,130.7,182.6,37.66018272930258,0.7519758181706183,1.0
uav_3,14,0,1,0,0,59.73333333333333,155.6,192.6,36.873715405507426,0.7864673237951567,2.0
uav_3,15,0,0,0,1,99.0,127.85,204.85,36.087836220602334,0.7858791849050917,1.0
uav_3,16,0,0,0,0,0.0,214.6,214.6,35.25441295226882,0.8334232683335131,0.0
uav_4,0,0,0,1,0,27.53333333333333,11.299999999999999,15.2,46.101303360073715,0.5186966399262821,1.0
uav_4,1,0,1,0,0,42.93333333333334,23.0,28.5,45.5579068867647,0.5433964733090152,2.0
uav_4,2,0,0,0,0,0.0,41.95,41.95,45.00147176898516,0.5564351177795369,0.0
uav_4,3,0,0,0,1,79.66666666666666,31.049999999999997,50.05,44.423249940050944,0.5782218289342214,1.0
uav_4,4,0,0,0,0,0.0,60.8,60.8,43.83657313887759,0.5866768011733535,0.0
uav_4,5,0,0,0,0,0.0,77.95,77.95,43.22238202098254,0.6141911178950489,0.0
uav_4,6,0,0,0,1,85.16666666666667,53.3,88.8,42.59356885861381,0.6288131623687373,1.0
uav_4,7,0,0,0,0,0.0,100.95,100.95,41.94247807397829,0.651090784635515,0.0
uav_4,8,0,0,0,0,0.0,112.95,112.95,41.27213528930427,0.6703427846740189,0.0
uav_4,9,0,1,0,0,54.93333333333332,103.1,131.1,40.57856296569491,0.6935723236093668,2.0
uav_4,10,0,0,0,1,94.0,82.4,144.4,39.87914156429606,0.6994214013988428,1.0
uav_4,11,0,0,0,1,96.00000000000001,89.75,157.75,39.16251197952947,0.7166295847665924,1.0
uav_4,12,0,0,0,1,97.66666666666667,98.75,171.75,38.42692978361386,0.7355821959156088,1.0
uav_4,13,0,1,0,0,60.66666666666666,143.7,182.45,37.657868679297955,0.7690611043158999,2.0
uav_4,14,0,1,0,0,61.59999999999999,152.4,192.9,36.87316452772855,0.7847041515694082,2.0
uav_4,15,0,1,0,0,63.733333333333334,162.9,207.4,36.06776265389552,0.8054018738330259,2.0
uav_4,16,0,1,0,0,64.8,168.5,215.0,35.2514504022629,0.8163122516326243,2.0
uav_5,0,0,0,0,0,0.0,19.3,19.3,46.099903032293135,0.5200969677068605,0.0
uav_5,1,0,0,1,0,27.866666666666667,23.900000000000002,29.3,45.55968798676826,0.5402150455248745,1.0
uav_5,2,0,0,0,0,0.0,42.6,42.6,45.002210052319974,0.5574779344482891,0.0
uav_5,3,0,0,0,0,0.0,54.25,54.25,44.42604163450097,0.5761684178190035,0.0
uav_5,4,0,0,0,0,0.0,65.05,65.05,43.83254641664731,0.5934952178536571,0.0
uav_5,5,0,0,0,0,0.0,80.5,80.5,43.21426424874408,0.618282167903231,0.0
uav_5,6,0,0,0,0,0.0,90.95,90.95,42.57921679747398,0.635047451270095,0.0
uav_5,7,0,0,0,1,89.33333333333333,54.2,102.2,41.93767570730201,0.6415410901719711,1.0
uav_5,8,0,0,0,0,0.0,115.95,115.95,41.26251992261837,0.6751557846836449,0.0
uav_5,9,0,1,0,0,51.6,103.0,124.75,40.57512712957691,0.6873927930414523,2.0
uav_5,10,0,0,0,1,94.66666666666667,76.30000000000001,140.3,39.883686717082924,0.6914404124939919,1.0
uav_5,11,0,0,0,1,97.16666666666667,85.30000000000001,156.8,39.17103688787984,0.7126498292030774,1.0
uav_5,12,0,0,0,0,0.0,166.55,166.55,38.41470183636717,0.75633505151267,0.0
uav_5,13,0,0,0,1,99.16666666666667,99.9,177.4,37.67321240710641,0.7414894292607564,1.0
uav_5,14,1,0,0,0,83.06666666666666,158.35,192.95,36.877219477736645,0.7959929293697635,1.0
uav_5,15,0,0,1,0,36.199999999999996,164.0,206.9,36.07964219280816,0.7975772849284877,1.0
uav_5,16,0,0,1,0,37.2,175.75,223.15,35.259302574500815,0.8203396183073459,1.0
uav_6,0,0,0,0,0,0.0,12.3,12.3,46.11113336564893,0.5088666343510665,0.0
uav_6,1,0,0,0,1,77.0,15.349999999999998,26.349999999999998,45.56532134789064,0.5458120177582907,1.0
uav_6,2,1,0,0,0,64.13333333333333,30.099999999999998,36.3,45.00357725787826,0.5617440900123771,1.0
uav_6,3,0,1,0,0,45.33333333333333,36.9,46.9,44.43354680118264,0.5700304566956165,2.0
uav_6,4,1,0,0,0,65.99999999999999,47.5,56.5,43.84107813333104,0.5924686678516039,1.0
uav_6,5,0,0,0,0,0.0,70.95,70.95,43.23811734879178,0.602960784539255,0.0
uav_6,6,1,0,0,0,68.53333333333333,69.15,81.95,42.60710240864086,0.6310149401509187,1.0
uav_6,7,1,0,0,0,68.8,80.39999999999999,93.6,41.957637407341934,0.6494650012989298,1.0
uav_6,8,0,0,0,0,0.0,104.9,104.9,41.30020950602708,0.6574279013148558,0.0
uav_6,9,1,0,0,0,72.13333333333334,97.64999999999999,115.85,40.61805336577388,0.6821561402532011,1.0
uav_6,10,1,0,0,0,73.33333333333334,106.9,126.9,39.919251242154054,0.6988021236198265,1.0
uav_6,11,0,0,0,0,0.0,138.5,138.5,39.20791774073139,0.7113335014226669,0.0
uav_6,12,1,0,0,0,76.0,126.69999999999999,150.7,38.473336705928894,0.7345810348024954,1.0
uav_6,13,1,0,0,0,78.26666666666667,137.04999999999998,164.45,37.718739676641924,0.7545970292869718,1.0
uav_6,14,1,0,0,0,79.6,146.54999999999998,175.95,36.946894925098235,0.7718447515436896,1.0
uav_6,15,0,0,0,0,0.0,189.2,189.2,36.15422172351289,0.7926732015853464,0.0
uav_6,16,0,0,0,1,97.83333333333333,126.1,199.6,35.37430964973085,0.7799120737820463,1.0
uav_7,0,0,1,0,0,41.86666666666666,12.5,16.0,46.09537513783964,0.5246248621603607,2.0
uav_7,1,0,0,0,0,0.0,30.8,30.8,45.55682833676254,0.5385468010770936,0.0
uav_7,2,0,0,0,0,0.0,43.5,43.5,44.997906502311366,0.558921834451177,0.0
uav_7,3,0,0,0,0,0.0,54.7,54.7,44.42101613449092,0.5768903678204473,0.0
uav_7,4,0,0,0,1,83.0,35.3,64.3,43.82694866663612,0.5940674678548015,1.0
uav_7,5,0,0,0,1,83.66666666666667,42.8,73.8,43.2190432543092,0.607905412326922,1.0
uav_7,6,1,0,0,0,69.73333333333333,74.55000000000001,89.15,42.57755901413734,0.6414842401718573,1.0
uav_7,7,0,0,0,1,87.33333333333333,58.95,100.95,41.93381367396096,0.6437453401763796,1.0
uav_7,8,0,1,0,0,51.733333333333334,92.60000000000001,114.60000000000001,41.26286518373018,0.6709484902307858,2.0
uav_7,9,0,0,0,1,90.16666666666666,77.4,127.9,40.581846754590366,0.6810184291398147,1.0
uav_7,10,0,0,0,1,92.5,86.0,143.5,39.880712003188094,0.7011347514022696,1.0
uav_7,11,0,0,0,1,94.33333333333334,94.9,157.9,39.160333712858446,0.7203782903296455,1.0
uav_7,12,0,0,0,1,96.16666666666667,103.80000000000001,172.3,38.42071188360143,0.7396218292570215,1.0
uav_7,13,0,0,0,1,98.5,111.35,186.85,37.66265828208532,0.7580536015161071,1.0
uav_7,14,0,0,1,0,37.733333333333334,151.84999999999997,201.64999999999998,36.878576141628265,0.784082140457053,1.0
uav_7,15,0,0,1,0,38.46666666666666,161.5,214.6,36.076143812245625,0.8024323293826424,1.0
uav_7,16,0,0,1,0,39.06666666666667,172.84999999999997,228.64999999999998,35.25315544948854,0.8229883627570878,1.0
uav_8,0,1,0,0,0,61.06666666666667,10.2,11.799999999999999,46.09479722117182,0.5252027788281833,1.0
uav_8,1,0,0,0,0,0.0,28.0,28.0,45.56074255343704,0.5340546677347761,0.0
uav_8,2,0,0,0,0,0.0,42.3,42.3,45.00374591898971,0.5569966344473265,0.0
uav_8,3,0,0,0,0,0.0,53.6,53.6,44.42862031783946,0.5751256011502511,0.0
uav_8,4,0,0,0,0,0.0,64.05,64.05,43.83672943332235,0.5918908845171151,0.0
uav_8,5,0,0,0,0,0.0,76.8,76.8,43.22438329876432,0.6123461345580256,0.0
uav_8,6,0,0,0,0,0.0,88.2,88.2,42.59374776416972,0.6306355345946043,0.0
uav_8,7,0,0,0,0,0.0,103.3,103.3,41.93888679619333,0.6548609679763885,0.0
uav_8,8,0,0,0,1,90.66666666666667,67.9,119.9,41.271755450414624,0.6671313457787071,1.0
uav_8,9,0,0,0,1,92.33333333333334,75.69999999999999,132.7,40.58759669349075,0.684158756923873,1.0
uav_8,10,0,0,1,0,35.13333333333333,107.6,145.7,39.88467598652935,0.702920706961397,1.0
uav_8,11,0,0,1,0,35.6,121.0,161.2,39.158431885076865,0.7262441014524882,1.0
uav_8,12,0,0,0,1,98.16666666666667,99.85,174.35,38.41973083915502,0.7387010459218466,1.0
uav_8,13,0,0,0,1,99.66666666666667,109.30000000000001,188.3,37.66180659319473,0.757924245960293,1.0
uav_8,14,0,0,1,0,38.2,149.35,201.25,36.8799099582976,0.7818966348971267,1.0
uav_8,15,0,0,1,0,39.06666666666667,155.75,211.55,36.084355695595384,0.7955542627022194,1.0
uav_8,16,0,1,0,0,62.133333333333326,184.4,225.9,35.24734982169915,0.837005873896234,2.0
uav_9,0,0,0,0,0,0.0,12.35,12.35,46.1110531489821,0.5089468510178937,0.0
uav_9,1,1,0,0,0,62.0,19.1,22.1,45.57016721456699,0.5408859344151052,1.0
uav_9,2,0,1,0,0,42.93333333333334,26.3,31.8,45.02147644124739,0.5486907733196038,2.0
uav_9,3,0,0,0,0,0.0,44.349999999999994,44.349999999999994,44.46119092346015,0.5602855177872377,0.0
uav_9,4,0,1,0,0,47.199999999999996,46.2,59.7,43.87286947228351,0.5883214511766429,2.0
uav_9,5,0,0,0,0,0.0,72.35,72.35,43.2676626210731,0.6052068512104136,0.0
uav_9,6,0,0,0,0,0.0,84.7,84.7,42.642642253156396,0.6250203679167073,0.0
uav_9,7,0,0,0,0,0.0,98.45,98.45,41.995562301862236,0.6470799512941598,0.0
uav_9,8,0,0,0,0,0.0,111.0,111.0,41.328347967194475,0.667214334667762,0.0
uav_9,9,1,0,0,0,72.53333333333333,105.75,124.55,40.632594760247414,0.695753206947062,1.0
uav_9,10,0,0,0,0,0.0,137.65,137.65,39.92262494216081,0.7099698180866063,0.0
uav_9,11,0,0,0,0,0.0,149.45,149.45,39.193723990703006,0.7289009514578019,0.0
uav_9,12,0,0,0,0,0.0,160.35,160.35,38.4473358058769,0.7463881848261096,0.0
uav_9,13,0,0,0,0,0.0,170.8,170.8,37.68418233768392,0.7631534681929737,0.0
uav_9,14,0,0,0,0,0.0,184.55,184.55,36.8989692861135,0.7852130515704261,0.0
uav_9,15,0,0,0,0,0.0,196.9,196.9,36.093942717836775,0.8050265682767198,0.0
uav_9,16,0,0,0,0,0.0,209.25,209.25,35.26910263285376,0.8248400849830134,0.0
uav_10,0,0,1,0,0,40.8,13.0,14.5,46.09649908228633,0.5235009177136685,2.0
uav_10,1,0,0,0,0,0.0,26.65,26.65,45.56461026455588,0.5318888177304443,0.0
uav_10,2,0,0,0,0,0.0,39.0,39.0,45.01290793011914,0.551702334436738,0.0
uav_10,3,1,0,0,0,65.46666666666667,46.1,54.300000000000004,44.42348795116252,0.5894199789566177,1.0
uav_10,4,0,0,0,1,84.66666666666667,35.0,69.0,43.825388172188546,0.5980997789739774,1.0
uav_10,5,0,0,1,0,30.933333333333334,64.2,83.4,43.20852348206593,0.6168646901226184,1.0
uav_10,6,0,0,1,0,63.06666666666667,50.75000000000001,94.55,42.58381021970539,0.6247132623605375,2.0
uav_10,7,0,0,0,1,88.66666666666667,59.8,105.8,41.93509030729684,0.648719912408551,1.0
uav_10,8,0,0,0,1,90.5,67.94999999999999,119.44999999999999,41.26833010596332,0.6667602013335203,1.0
uav_10,9,0,0,0,1,92.0,76.44999999999999,132.45,40.58387082126107,0.6844592847022519,1.0
uav_10,10,0,0,0,1,93.33333333333333,84.94999999999999,144.95,39.8821638143021,0.7017070069589696,1.0
uav_10,11,0,0,0,1,95.83333333333333,92.5,160.0,39.161573673972036,0.7205901403300692,1.0
uav_10,12,0,0,0,1,98.33333333333334,99.44999999999999,174.45,38.42306300027279,0.7385106736992435,1.0
uav_10,13,0,0,0,1,99.83333333333333,105.85,185.35,37.670222343211556,0.7528406570612368,1.0
uav_10,14,0,0,1,0,36.46666666666667,153.0,197.1,36.8892496805385,0.7809726626730564,1.0
uav_10,15,0,1,0,0,61.066666666666656,171.7,211.2,36.07454495113131,0.8147047294071872,2.0
uav_10,16,0,1,0,0,62.26666666666666,179.2,220.95,35.24564084669572,0.8289041044355858,2.0
uav_11,0,0,0,0,0,0.0,12.25,12.25,46.111213582315756,0.5087864176842395,0.0
uav_11,1,1,0,0,0,62.133333333333326,19.7,22.9,45.56916439234277,0.5420491899729871,1.0
uav_11,2,0,0,0,0,0.0,39.85,39.85,45.01609837456997,0.5530660177727987,0.0
uav_11,3,0,0,0,0,0.0,53.25,53.25,44.44153429008751,0.5745640844824614,0.0
uav_11,4,1,0,0,0,66.66666666666666,53.95,63.95,43.83771439443542,0.6038198956520843,1.0
uav_11,5,1,0,0,0,68.39999999999999,63.800000000000004,76.4,43.215483293190964,0.6222311012444621,1.0
uav_11,6,0,1,0,0,50.66666666666666,71.7,91.7,42.57999148080887,0.6354918123820947,2.0
uav_11,7,0,1,0,0,52.0,81.2,103.7,41.92685086283593,0.6531406179729479,2.0
uav_11,8,0,0,1,0,33.33333333333333,87.2,117.2,41.26369910595407,0.663151756881859,1.0
uav_11,9,0,0,1,0,34.4,96.95,131.75,40.5807329212548,0.6829661846992656,1.0
uav_11,10,0,0,1,0,35.06666666666667,103.95,141.75,39.88392879208342,0.6968041291713859,1.0
uav_11,11,0,0,0,0,0.0,152.15,152.15,39.15069614061695,0.7332326514664652,0.0
uav_11,12,0,0,1,0,36.266666666666666,121.15,164.35,38.421603778047654,0.7290923625692959,1.0
uav_11,13,0,1,0,0,59.466666666666654,141.7,178.2,37.65791821540917,0.7636855626384822,2.0
uav_11,14,0,1,0,0,60.53333333333333,151.7,190.2,36.876263208290304,0.7816550071188655,2.0
uav_11,15,0,0,0,1,99.0,125.5,202.5,36.09415420672609,0.7821090015642179,1.0
uav_11,16,0,0,0,0,0.0,211.2,211.2,35.26618567173682,0.8279685349892704,0.0
uav_12,0,0,1,0,0,41.199999999999996,11.2,13.45,46.09866459062399,0.5213354093760042,2.0
uav_12,1,0,0,0,0,0.0,27.5,27.5,45.56541208955748,0.5332525010665049,0.0
uav_12,2,0,0,0,0,0.0,39.6,39.6,45.012747155118824,0.5526649344386632,0.0
uav_12,3,1,0,1,0,94.6,35.75,56.65,44.42095595393524,0.5917912011835824,2.0
uav_12,4,0,0,1,0,60.133333333333326,39.349999999999994,69.94999999999999,43.826005580523116,0.594950373412123,2.0
uav_12,5,0,0,0,1,86.0,41.349999999999994,79.35,43.21410739596599,0.6118981845571297,1.0
uav_12,6,0,0,0,1,87.66666666666667,49.05,92.05,42.585342233597345,0.6287651623686413,1.0
uav_12,7,0,0,0,0,0.0,103.0,103.0,41.93096256562192,0.6543796679754259,0.0
uav_12,8,0,0,0,1,90.33333333333333,63.75,114.75,41.27139192541389,0.6595706402080302,1.0
uav_12,9,0,0,0,0,0.0,126.55,126.55,40.5792302073629,0.69216171805099,0.0
uav_12,10,0,1,0,0,53.86666666666666,113.5,139.5,39.87089892816846,0.7083312791944403,2.0
uav_12,11,0,1,0,0,54.39999999999999,120.5,147.5,39.150374260060744,0.7205246681077159,2.0
uav_12,12,0,0,1,0,36.333333333333336,117.75,161.25,38.42647586972406,0.7238983903366857,1.0
uav_12,13,0,0,0,0,0.0,170.5,170.5,37.663803701532046,0.7626721681920109,0.0
uav_12,14,0,0,0,0,0.0,181.7,181.7,36.883162999970764,0.7806407015612814,0.0
uav_12,15,0,1,0,0,60.66666666666666,157.7,196.45,36.091641228943274,0.7915217710274879,2.0
uav_12,16,0,0,0,0,0.0,208.35,208.35,35.26824504396315,0.8233961849801257,0.0
uav_13,0,0,0,0,1,74.66666666666667,5.75,9.75,46.0959086378407,0.5240913621592939,1.0
uav_13,1,0,0,0,0,0.0,22.2,22.2,45.571159103457866,0.5247495343828323,0.0
uav_13,2,0,0,1,0,28.53333333333333,27.200000000000003,35.6,45.02304214680608,0.5481169566517896,1.0
uav_13,3,0,0,0,0,0.0,48.35,48.35,44.45633929567267,0.5667028511334057,0.0
uav_13,4,1,0,0,0,65.6,54.5,62.9,43.85324226113314,0.6030970345395273,1.0
uav_13,5,0,0,0,1,83.83333333333334,44.75,76.25,43.24175703768795,0.6114852234451926,1.0
uav_13,6,0,1,0,0,48.93333333333333,72.0,88.75,42.6089138558667,0.6328431818212419,2.0
uav_13,7,0,0,0,0,0.0,102.14999999999999,102.14999999999999,41.955897871227336,0.6530159846393653,0.0
uav_13,8,0,0,0,0,0.0,109.8,109.8,41.29060873656343,0.6652891346639116,0.0
uav_13,9,0,0,0,0,0.0,120.8,120.8,40.60767193519755,0.6829368013658735,0.0
uav_13,10,1,0,0,0,73.46666666666667,113.99999999999999,134.2,39.89727838933232,0.7103935458652316,1.0
uav_13,11,0,0,0,0,0.0,146.9,146.9,39.1724684878827,0.7248099014496198,0.0
uav_13,12,0,0,0,0,0.0,157.0,157.0,38.43145481973401,0.7410136681486938,0.0
uav_13,13,1,0,0,0,77.06666666666668,144.3,169.9,37.66703227376072,0.7644225459732894,1.0
uav_13,14,0,0,0,0,0.0,182.35,182.35,36.885348755530686,0.7816835182300336,0.0
uav_13,15,0,0,0,0,0.0,198.1,198.1,36.078396987250116,0.8069517682805701,0.0
uav_13,16,1,0,0,0,81.33333333333333,179.2,211.2,35.25156223004089,0.826834757209225,1.0
uav_14,0,1,0,0,0,60.66666666666667,6.7,7.7,46.10101435451758,0.5189856454824158,1.0
uav_14,1,0,0,0,1,76.0,13.0,21.0,45.56168068677225,0.539333667745334,1.0
uav_14,2,0,0,0,1,77.66666666666666,20.9,33.9,45.0051591745481,0.5565215122241541,1.0
uav_14,3,1,0,1,0,93.66666666666666,28.25,46.949999999999996,44.4274467956149,0.5777123789332025,2.0
uav_14,4,0,0,0,0,0.0,60.1,60.1,43.841893027777125,0.5855537678377742,0.0
uav_14,5,0,1,0,0,47.86666666666666,57.5,72.25,43.2342387904507,0.6076542373264195,2.0
uav_14,6,0,0,0,0,0.0,84.8,84.8,42.609057989200345,0.6251808012503616,0.0
uav_14,7,1,0,0,0,72.26666666666667,80.6,99.0,41.95405507677923,0.6550029124211169,1.0
uav_14,8,0,0,0,0,0.0,109.6,109.6,41.28908680878262,0.6649682679966031,0.0
uav_14,9,0,0,0,0,0.0,121.55000000000001,121.55000000000001,40.60494675741434,0.68414005136828,0.0
uav_14,10,0,0,0,0,0.0,136.0,136.0,39.89762408933303,0.707322668081312,0.0
uav_14,11,0,0,0,0,0.0,150.65,150.65,39.16679793787138,0.7308261514616522,0.0
uav_14,12,1,0,0,0,80.53333333333332,131.1,161.9,38.41833554748557,0.7484623903858136,1.0
uav_14,13,1,0,0,0,81.73333333333332,141.45,174.04999999999998,37.65146240706294,0.766873140422635,1.0
uav_14,14,0,0,0,1,97.0,118.0,189.0,36.88680223886695,0.764660168195987,1.0
uav_14,15,0,0,0,0,0.0,203.60000000000002,203.60000000000002,36.0710266372354,0.8157756016315512,0.0
uav_14,16,1,0,0,0,86.13333333333333,174.8,214.0,35.24402734669251,0.8269992905428873,1.0
uav_15,0,0,0,0,0,0.0,13.0,13.0,46.11001033231335,0.5099896676866459,0.0
uav_15,1,0,1,0,0,42.666666666666664,19.6,24.6,45.57255012012732,0.5374602121860316,2.0
uav_15,2,1,0,1,0,92.46666666666667,20.0,36.1,45.010521124558814,0.5620289955685024,2.0
uav_15,3,0,1,0,0,45.199999999999996,38.699999999999996,48.449999999999996,44.437843631746794,0.5726774928120216,2.0
uav_15,4,0,0,0,0,0.0,58.25,58.25,43.855257880581625,0.5825857511651715,0.0
uav_15,5,0,1,0,0,47.33333333333333,61.0,74.75,43.24295153213479,0.612306348446835,2.0
uav_15,6,0,0,0,0,0.0,84.9,84.9,42.617610297550776,0.6253412345840158,0.0
uav_15,7,0,0,0,0,0.0,101.6,101.6,41.96547669624651,0.6521336013042671,0.0
uav_15,8,0,0,0,0,0.0,111.4,111.4,41.29762062824413,0.6678560680023788,0.0
uav_15,9,0,0,0,0,0.0,125.69999999999999,125.69999999999999,40.6068225935292,0.6907980347149293,0.0
uav_15,10,0,0,0,0,0.0,139.6,139.6,39.89372432543634,0.7130982680928631,0.0
uav_15,11,0,0,0,0,0.0,151.5,151.5,39.16153449063862,0.7321898347977129,0.0
uav_15,12,0,1,0,0,57.46666666666667,131.5,164.25,38.41782458637343,0.7437099042651976,2.0
uav_15,13,1,0,0,0,80.13333333333333,143.55,173.75,37.649990212615535,0.7678343737578909,1.0
uav_15,14,0,0,0,1,98.00000000000001,115.25,189.25,36.887033794422955,0.7629564181925794,1.0
uav_15,15,0,0,0,0,0.0,198.85,198.85,36.07887877613998,0.8081550182829765,0.0
uav_15,16,0,0,0,0,0.0,207.6,207.6,35.25668584116226,0.8221929349777192,0.0
uav_16,0,0,0,0,0,0.0,12.9,12.9,46.110170765647005,0.5098292343529918,0.0
uav_16,1,0,1,0,0,41.733333333333334,21.6,24.85,45.571187234013486,0.5389835316335226,2.0
uav_16,2,0,0,0,0,0.0,36.2,36.2,45.02397703291906,0.5472102010944204,0.0
uav_16,3,0,1,0,0,43.46666666666666,41.5,48.0,44.44993733732654,0.5740396955925238,2.0
uav_16,4,0,0,0,0,0.0,60.599999999999994,60.599999999999994,43.86358140282049,0.5863559345060452,0.0
uav_16,5,0,0,0,0,0.0,71.85,71.85,43.259176718278354,0.6044046845421427,0.0
uav_16,6,0,1,0,0,47.46666666666666,69.7,83.7,42.632671905914236,0.6265048123641207,2.0
uav_16,7,0,0,0,0,0.0,97.3,97.3,41.9874369379571,0.6452349679571366,0.0
uav_16,8,0,0,0,0,0.0,111.15,111.15,41.31998195328885,0.6674549846682433,0.0
uav_16,9,1,0,0,0,72.26666666666667,107.35,125.75,40.622063124115236,0.6979188291736154,1.0
uav_16,10,0,0,0,0,0.0,137.1,137.1,39.912975689363726,0.7090874347515081,0.0
uav_16,11,0,0,0,0,0.0,152.0,152.0,39.179983687897746,0.732992001465984,0.0
uav_16,12,0,0,0,0,0.0,165.4,165.4,38.4254936197221,0.7544900681756468,0.0
uav_16,13,0,0,0,0,0.0,174.4,174.4,37.65656455151757,0.7689290682045248,0.0
uav_16,14,0,1,0,0,56.133333333333326,155.9,186.15,36.87611655273445,0.7804479987831181,2.0
uav_16,15,0,0,0,0,0.0,198.15,198.15,36.06908456778705,0.8070319849473974,0.0
uav_16,16,0,0,1,0,39.4,154.84999999999997,212.14999999999998,35.27367039952956,0.7954141682574948,1.0
uav_17,0,1,0,0,0,61.46666666666667,7.3999999999999995,9.6,46.09868738784626,0.5213126121537363,1.0
uav_17,1,0,0,0,0,0.0,25.549999999999997,25.549999999999997,45.56856333678601,0.5301240510602481,0.0
uav_17,2,0,1,0,0,44.26666666666666,28.5,36.5,45.013935391232316,0.5546279455537003,2.0
uav_17,3,0,0,0,0,0.0,45.15,45.15,44.452366406775845,0.5615689844564713,0.0
uav_17,4,0,0,0,0,0.0,59.0,59.0,43.868577405608264,0.583789001167578,0.0
uav_17,5,1,0,0,0,68.39999999999999,57.35,69.95,43.2566942543845,0.6118831512237662,1.0
uav_17,6,0,1,0,0,49.73333333333333,65.1,83.35,42.633476389249175,0.6232178651353246,2.0
uav_17,7,1,0,0,0,71.33333333333334,82.3,99.3,41.977150699047634,0.6563256902015403,1.0
uav_17,8,1,0,0,0,72.66666666666667,91.95,110.95,41.303336636588895,0.6738140624587392,1.0
uav_17,9,0,0,0,0,0.0,124.5,124.5,40.61446380187782,0.688872834711079,0.0
uav_17,10,1,0,0,0,75.2,114.64999999999999,137.45,39.9004189171164,0.7140448847614232,1.0
uav_17,11,0,0,0,0,0.0,150.6,150.6,39.16967298232157,0.7307459347948252,0.0
uav_17,12,0,0,0,0,0.0,164.95,164.95,38.41590486414737,0.7537681181742029,0.0
uav_17,13,0,0,1,0,36.66666666666667,130.0,175.0,37.67104958487988,0.7448552792674883,1.0
uav_17,14,0,0,0,0,0.0,184.75,184.75,36.88551566664215,0.7855339182377344,0.0
uav_17,15,0,1,0,0,60.53333333333333,157.9,196.4,36.09391379283672,0.7916018738054259,2.0
uav_17,16,0,0,0,1,99.50000000000001,129.6,208.1,35.30387294125664,0.7900408515800816,1.0
uav_18,0,0,0,0,0,0.0,11.3,11.3,46.11273769898547,0.5072623010145245,0.0
uav_18,1,0,0,0,1,76.50000000000001,12.200000000000003,21.700000000000003,45.57333341457333,0.5394042844121419,1.0
uav_18,2,0,0,0,0,0.0,32.8,32.8,45.03157794682315,0.5417554677501776,0.0
uav_18,3,0,1,0,0,44.533333333333324,35.2,43.7,44.46571944013588,0.5658585066872726,2.0
uav_18,4,0,0,0,0,0.0,58.400000000000006,58.400000000000006,43.882893038970224,0.5828264011656529,0.0
uav_18,5,0,1,0,0,48.0,59.5,74.5,43.27178937108135,0.611103667888874,2.0
uav_18,6,0,0,0,0,0.0,88.4,88.4,42.640832969819435,0.6309564012619128,0.0
uav_18,7,0,0,0,0,0.0,95.65,95.65,41.99824515186759,0.6425878179518423,0.0
uav_18,8,0,0,0,0,0.0,107.65,107.65,41.336405333877245,0.6618398179903463,0.0
uav_18,9,0,0,0,0,0.0,121.55,121.55,40.652265282508964,0.68414005136828,0.0
uav_18,10,0,0,0,0,0.0,133.3,133.3,39.949274314436316,0.7029909680726485,0.0
uav_18,11,0,0,0,0,0.0,145.0,145.0,39.227512646326126,0.7217616681101899,0.0
uav_18,12,0,0,0,0,0.0,158.6,158.6,38.483932044838966,0.7435806014871612,0.0
uav_18,13,0,0,0,0,0.0,171.6,171.6,37.71949510997676,0.7644369348622071,0.0
uav_18,14,0,0,0,0,0.0,180.7,180.7,36.940458741752025,0.7790363682247394,0.0
uav_18,15,0,0,0,0,0.0,189.95,189.95,36.146582290164275,0.7938764515877528,0.0
uav_18,16,0,0,0,1,98.5,128.1,203.6,35.36165610526109,0.7849261849031857,1.0
uav_19,0,0,0,0,1,75.16666666666667,5.75,11.25,46.09455455450466,0.5254454454953353,1.0
uav_19,1,0,0,0,0,0.0,22.35,22.35,45.56956437012135,0.5249901843833137,0.0
uav_19,2,0,1,0,0,43.46666666666666,27.9,34.4,45.017343607905794,0.5522207622155525,2.0
uav_19,3,0,0,0,0,0.0,48.45,48.45,44.45048032343873,0.5668632844670599,0.0
uav_19,4,0,1,0,0,46.533333333333324,49.1,61.35,43.85871012503297,0.5917701984057625,2.0
uav_19,5,0,0,0,0,0.0,72.3,72.3,43.25358349048938,0.6051266345435865,0.0
uav_19,6,0,0,0,0,0.0,85.0,85.0,42.628081822571716,0.6255016679176699,0.0
uav_19,7,0,0,0,0,0.0,98.5,98.5,41.980921654610725,0.647160167960987,0.0
uav_19,8,0,0,0,0,0.0,109.3,109.3,41.31643468661508,0.6644869679956406,0.0
uav_19,9,0,0,0,0,0.0,121.94999999999999,121.94999999999999,40.63165290191218,0.684781784702897,0.0
uav_19,10,0,0,0,0,0.0,134.6,134.6,39.92657630050203,0.705076601410153,0.0
uav_19,11,1,0,0,0,75.73333333333335,123.20000000000002,146.8,39.198011743489346,0.7285645570126846,1.0
uav_19,12,0,0,0,0,0.0,157.4,157.4,38.45635634200603,0.7416554014833108,0.0
uav_19,13,0,0,0,0,0.0,170.7,170.7,37.69336330714671,0.7629930348593195,0.0
uav_19,14,0,0,0,0,0.0,184.0,184.0,36.909032638911384,0.7843306682353279,0.0
uav_19,15,0,0,0,1,100.0,114.85,194.85,36.14130162070926,0.7677310182021286,1.0
uav_19,16,0,0,0,0,0.0,205.75,205.75,35.32207670240414,0.8192249183051163,0.0
uav_20,0,0,0,0,0,0.0,18.3,18.3,46.10150736562968,0.5184926343703186,0.0
uav_20,1,0,0,0,0,0.0,34.0,34.0,45.557826697875655,0.5436806677540279,0.0
uav_20,2,0,0,0,0,0.0,44.1,44.1,44.99794226342255,0.5598844344531022,0.0
uav_20,3,0,0,1,0,59.73333333333333,29.25,58.05,44.4207602233793,0.577182040043253,2.0
uav_20,4,0,0,1,0,61.06666666666667,36.85000000000001,71.65,43.826170027745675,0.5945901956336249,2.0
uav_20,5,0,0,1,0,31.2,61.85,82.25,43.2120324765174,0.6141375512282751,1.0
uav_20,6,0,0,1,0,31.866666666666667,73.15,96.55,42.577158347469876,0.6348741290475259,1.0
uav_20,7,0,0,1,0,65.19999999999999,57.8,111.2,41.93279017951447,0.6443681679554029,2.0
uav_20,8,0,0,1,0,67.19999999999999,63.45,125.85000000000001,41.27153469485862,0.6612554846558443,2.0
uav_20,9,0,0,1,0,34.333333333333336,102.6,137.1,40.57976478791953,0.6917699069390953,1.0
uav_20,10,0,0,1,0,70.0,75.05000000000001,150.05,39.88894706987123,0.690817718048302,2.0
uav_20,11,0,1,0,0,58.266666666666666,127.9,162.15,39.14956818228136,0.7393788875898689,2.0
uav_20,12,0,0,1,0,36.266666666666666,127.65,170.85,38.410047653024534,0.7395205292568189,1.0
uav_20,13,0,0,1,0,37.06666666666667,135.39999999999998,182.2,37.654964407069926,0.7550832459546108,1.0
uav_20,14,0,0,0,1,97.50000000000001,121.44999999999999,193.95,36.88341520552683,0.7715492015430984,1.0
uav_20,15,1,0,0,0,81.06666666666666,172.79999999999998,204.39999999999998,36.06724949278339,0.8161657127434424,1.0
uav_20,16,0,1,0,0,64.66666666666666,172.4,218.65,35.24492110502762,0.8223283877557679,2.0
uav_21,0,0,0,0,1,75.0,5.899999999999999,10.899999999999999,46.094765265616196,0.5252347343838029,1.0
uav_21,1,0,0,0,1,77.0,11.799999999999997,22.799999999999997,45.55464863120263,0.5401166344135666,1.0
uav_21,2,0,0,0,0,0.0,33.3,33.3,45.01209099678418,0.5425576344184485,0.0
uav_21,3,0,0,0,1,80.83333333333333,26.549999999999997,49.05,44.4379291400803,0.5741618567038792,1.0
uav_21,4,1,0,0,0,65.86666666666666,55.05,63.85,43.83354841109376,0.6043807289865392,1.0
uav_21,5,0,0,0,0,0.0,77.0,77.0,43.220881409868426,0.612667001225334,0.0
uav_21,6,0,0,0,0,0.0,92.75,92.75,42.582946158592556,0.6379352512758705,0.0
uav_21,7,0,1,0,0,50.4,83.4,102.9,41.92916517395166,0.6537809846408952,2.0
uav_21,8,0,1,0,0,51.86666666666666,91.3,113.55,41.26006155316901,0.6691036207826516,2.0
uav_21,9,0,0,0,1,91.00000000000001,72.85,125.85,40.58408603515039,0.6759755180186175,1.0
uav_21,10,0,0,0,0,0.0,137.15,137.15,39.87491838373206,0.7091676514183354,0.0
uav_21,11,0,1,0,0,54.79999999999999,120.19999999999999,147.95,39.154152723957196,0.7207656597748646,2.0
uav_21,12,0,1,0,0,55.73333333333332,131.9,161.4,38.412931016919195,0.741221707037999,2.0
uav_21,13,0,1,0,0,56.8,141.9,173.4,37.653739865400816,0.7591911515183823,2.0
uav_21,14,0,0,1,0,36.66666666666667,140.95,185.95,36.891317136098195,0.7624227293026232,1.0
uav_21,15,1,0,0,0,78.13333333333334,172.0,199.2,36.08084931225504,0.8104678238431579,1.0
uav_21,16,0,0,0,0,0.0,214.2,214.2,35.248067777256146,0.8327815349988963,0.0
uav_22,0,0,0,0,1,75.16666666666667,5.75,11.25,46.09455455450466,0.5254454454953353,1.0
uav_22,1,0,0,0,0,0.0,22.650000000000002,22.650000000000002,45.569083070120385,0.5254714843842763,0.0
uav_22,2,1,0,1,0,92.73333333333333,21.5,37.2,45.004887996769774,0.5641950733506124,2.0
uav_22,3,0,0,0,1,79.16666666666666,28.15,45.65,44.43267281784757,0.5722151789222081,1.0
uav_22,4,0,0,0,1,80.33333333333333,34.949999999999996,55.949999999999996,43.84638864445278,0.5862841733947906,1.0
uav_22,5,1,0,0,0,67.6,54.25000000000001,65.65,43.240682859908034,0.6057057845447449,1.0
uav_22,6,0,0,0,0,0.0,79.1,79.1,42.624646758675965,0.6160361012320722,0.0
uav_22,7,0,0,0,0,0.0,91.25,91.25,41.989118007404905,0.6355287512710576,0.0
uav_22,8,1,0,0,0,71.33333333333334,85.2,102.2,41.32813975052739,0.6609782568775121,1.0
uav_22,9,0,0,0,0,0.0,113.35000000000001,113.35000000000001,40.657155232518754,0.6709845180086357,0.0
uav_22,10,0,0,0,0,0.0,131.7,131.7,39.95673119778457,0.7004240347341814,0.0
uav_22,11,1,0,0,0,75.86666666666667,120.75000000000001,144.55,39.231896601890455,0.7248345958941136,1.0
uav_22,12,1,0,0,0,77.33333333333334,129.75,155.75,38.490415794851934,0.7414808070385172,1.0
uav_22,13,0,0,0,0,0.0,171.35,171.35,37.72637994332386,0.7640358515280716,0.0
uav_22,14,0,0,0,0,0.0,185.5,185.5,36.93964277508372,0.786737168240141,0.0
uav_22,15,0,0,0,0,0.0,198.75,198.75,36.1316481901344,0.8079945849493225,0.0
uav_22,16,1,0,0,0,82.93333333333332,179.29999999999998,213.7,35.302245132920035,0.8294030572143616,1.0
uav_23,0,0,0,1,0,54.53333333333333,8.4,13.799999999999999,46.09660767673099,0.523392323269007,2.0
uav_23,1,0,0,1,0,27.73333333333333,21.05,25.85,45.56148650343852,0.5351211732924646,1.0
uav_23,2,0,1,0,0,42.4,33.3,37.8,45.002528452320604,0.5589580511179161,2.0
uav_23,3,1,0,0,0,65.86666666666666,39.3,48.1,44.4234159733846,0.5791124789360027,1.0
uav_23,4,0,0,0,1,81.83333333333334,34.8,60.3,43.833310199982165,0.5901057734024338,1.0
uav_23,5,0,1,0,0,46.4,58.5,70.5,43.22670003210228,0.606610167879887,2.0
uav_23,6,0,0,0,0,0.0,84.15,84.15,42.60256204752067,0.6241379845816092,0.0
uav_23,7,0,0,0,0,0.0,96.8,96.8,41.958129246231806,0.6444328012888656,0.0
uav_23,8,1,0,0,0,71.46666666666667,93.5,110.7,41.28363436710504,0.6744948791267676,1.0
uav_23,9,0,0,0,0,0.0,120.35,120.35,40.60141951574061,0.6822148513644296,0.0
uav_23,10,1,0,0,0,73.2,108.64999999999999,128.45,39.90001046433779,0.7014090514028181,1.0
uav_23,11,1,0,0,0,74.53333333333335,119.7,141.5,39.17886697400662,0.7211434903311758,1.0
uav_23,12,0,0,0,0,0.0,154.45,154.45,38.441944355866106,0.7369226181405119,0.0
uav_23,13,0,0,0,0,0.0,165.15,165.15,37.6878553710246,0.7540889848415112,0.0
uav_23,14,0,0,0,0,0.0,177.55,177.55,36.913872652809964,0.773982718214632,0.0
uav_23,15,0,0,0,0,0.0,187.35,187.35,36.12416746789722,0.7897051849127437,0.0
uav_23,16,0,0,0,0,0.0,198.8,198.8,35.31609266628107,0.8080748016161495,0.0
uav_24,0,0,0,0,0,0.0,13.05,13.05,46.10993011564653,0.5100698843534731,0.0
uav_24,1,1,0,1,0,90.19999999999999,16.75,25.05,45.560055881213444,0.5498742344330818,2.0
uav_24,2,0,0,0,1,79.5,18.799999999999997,37.3,45.00193849676388,0.5581173844495682,1.0
uav_24,3,0,0,0,0,0.0,49.55,49.55,44.433310445626624,0.5686280511372561,0.0
uav_24,4,0,1,0,0,45.46666666666666,51.1,61.35,43.84025769166274,0.5930527539638834,2.0
uav_24,5,0,0,0,0,0.0,70.69999999999999,70.69999999999999,43.237697990457626,0.6025597012051194,0.0
uav_24,6,0,0,0,1,84.83333333333334,45.30000000000001,79.80000000000001,42.62262221700525,0.6150757734523737,1.0
uav_24,7,1,0,0,0,71.46666666666667,75.75,92.95,41.9766042546021,0.6460179624031471,1.0
uav_24,8,1,0,0,0,73.06666666666666,87.15,106.75,41.30988902549089,0.6667152291112083,1.0
uav_24,9,1,0,0,0,74.66666666666667,95.3,117.3,40.62769061301538,0.6821984124755078,1.0
uav_24,10,0,0,0,0,0.0,126.35,126.35,39.9358497616317,0.6918408513836817,0.0
uav_24,11,1,0,0,0,77.99999999999999,109.94999999999999,136.95,39.22513147687693,0.7107182847547697,1.0
uav_24,12,1,0,0,0,79.46666666666667,122.45,151.65,38.49215181429986,0.7329796625770705,1.0
uav_24,13,0,0,0,0,0.0,161.3,161.3,37.744239512804036,0.7479123014958245,0.0
uav_24,14,0,0,0,0,0.0,172.5,172.5,36.97835867793894,0.7658808348650948,0.0
uav_24,15,1,0,0,0,83.33333333333333,151.65,186.65,36.192713470812095,0.7856452071268459,1.0
uav_24,16,0,0,0,1,99.66666666666667,119.05000000000001,198.05,35.419146974820514,0.7735664959915775,1.0
